<?xml version="1.0" encoding="UTF-8"?><idempiere Name="Override" Version="1" idempiereVersion="" DataBaseVersion="" Description="" Author="" AuthorEmail="osmar.benavidez@gmai.com" CreatedDate="2017-06-16 11:16:28.028" UpdatedDate="2017-06-16 11:16:28.028" PackOutVersion="100" UpdateDictionary="false" Client="0-SYSTEM-System" AD_Client_UU="11237b53-9592-4af1-b3c5-afd216514b5d">
    <AD_Message type="table">
        <AD_Client_ID>0</AD_Client_ID>
        <AD_Org_ID>0</AD_Org_ID>
        <MsgType>E</MsgType>
        <MsgText>Payment must have at less one of these concepts: Charge / Prepayment / Invoice</MsgText>
        <MsgTip/>
        <IsActive>Y</IsActive>
        <Value>ErrorOnCompletePayment</Value>
        <EntityType>U</EntityType>
        <AD_Message_UU>a79a3ec9-746e-419c-b29d-101d64790b70</AD_Message_UU>
        <AD_Message_Trl type="translation">
            <MsgText>Pago y Recaudo debe tener al menos uno de estos conceptos: Cargo / Pasivo / Factura</MsgText>
            <MsgTip/>
            <AD_Language>es_NI</AD_Language>
            <IsActive>Y</IsActive>
            <IsTranslated>N</IsTranslated>
        </AD_Message_Trl>
    </AD_Message>
</idempiere>
